ISBN,title,author,,,,,
1965,The New Manager's Handbook,Morey Stettner ,,,,,
1950,Fun with Advanced Mathematics,Lewis Galoo,,,,,
1952,Fun with Further Mathematics,Lewis Galoo,,,,,
1953,Learn how to be a Demolition Expert,Lewis Galoo,,,,,
1954,Learn how to be a Dolphin Trainer,Lewis Galoo,,,,,
1955,Learn how to be an Astronaut,Lewis Galoo,,,,,
1956,Learn how to be a Supermodel,Lewis Galoo,,,,,
1951,Serious Mathematics,Lewis Galoo,,,,,
1944,The Elements of Style," William Strunk Jr.,  E. B. White,  William Strunk",,,,,
1946,Selenium Simplified - Automated Web Testing with Java and Selenium RC 2nd edition,Alan Richardson,,,,,
1945,Selenium Simplified - Automated Web Testing with Java and Selenium RC,Alan Richardson,,,,,
1511,Software Testing:  An ISEB Foundation,"Brian Hambling, Peter Morgan, Angelina Samaroo, Geoff Thompson, Peter Williams",,,,,
1921,Beginning Android 4 Games Development,"Mario Zechner, Robert Green ",,,,,
1986,Pro ASP.NET MVC 4,Adam Freeman,,,,,
1966,Build Your Own Database Driven Website Using PHP and MySQL,Kevin Yank ,,,,,
1964,Peer Reviews in Software,Karl Wiegers,,,,,
1525,Perl in a Nutshell (1st ed),"Ellen Siever, Stephen Spainhour, Nathan Patwardhan",,,,,
1959,Effortless Flex 4 Development,Larry Ullman,,,,,
1911,"Growing object-oriented software, guided by tests", Steve Freeman,,,,,
1947,Data Protection & PCI Compliance for Dummies,Richard Moulds,,,,,
1939,Foundations of F# (Expert's Voice in .Net),Robert. Pickering,,,,,
2008,Microsoft Project 2013 ,Ben Howard,,,,,
1905,Continuous Delivery,Jez Humble,,,,,
1899,Agile product management with Scrum, Roman Pichler,,,,,
1895,"Joe Celko's SQL Puzzles and Answers, Second Edition (The Morgan Kaufmann Series in Data Management Systems)",Joe Celko,,,,,
1901,jQuery cookbook, jQuery Community Experts,,,,,
1962,"Building Web, Cloud, and Mobile Solutions with F#",Daniel Mohl,,,,,
1912,Special Edition Using Microsoft Commerce Server 2002," Don Jones,  Mark D. Scott",,,,,
1984,How to Win Friends and Influence People ,Dale Carnegie ,,,,,
1938,Purely functional data structures,Chris Okasaki,,,,,
1963,Bulletproof Web Desig,Dan Cederholm ,,,,,
1916,The Big Book of Me, Nina Grunfeld,,,,,
1937,The Big Book of Me, Nina Grunfeld,,,,,
1993,Taste Test - Puppet Chef Salt Ansible,Matt Jaynes,,,,,
1920,WCF Security Guide,"J.D. Meier, Carlos Farre, Jason Taylor, Prashant Bansode, Steve Gregersen, Madhu Sundararajan, Rob Boucher",,,,,
1893,Professional ASP.NET Design Patterns,Scott Millett,,,,,
1568,Perl in A Nutshell," Ellen Siever,  Stephen Spainhour,  Nathan Patwardhan",,,,,
1983,Give and Take,Adam Grant ,,,,,
1940,Real-World Functional Programming,"Tomas Petricek, Jon Skeet",,,,,
1922,Domain Driven Design Quickly,"Abel Avram , Floyd Marinescu ",,,,,
1948,Introducing Microsoft SQL Server 2012 ,"Ross Mistry, Stacia Misner",,,,,
1949,Working effectively with legacy code, Michael C. Feathers,,,,,
1479,Working effectively with legacy code, Michael C. Feathers,,,,,
1910,MCAD Developing and Implementing Web Applications with Microsoft Visual C# .NET and Microsoft Visual Studio  .NET Exam Cram 2 (Exam Cram 70-315), Priti Kalani,,,,,
1941,Find Your Dream Job,Sarah Wade,,,,,
1917,The Solutions Focus," Paul Z. Jackson,  Mark McKergow",,,,,
1914,Beginning ASP.NET 2.0,"Chris Hart, John Kauffman, David Sussman, Chris Ullman",,,,,
1902,Professional ASP.NET MVC 2,"Jon Galloway, Phil Haack, Scott Hanselman, Scott Gutherie, Rob Conery",,,,,
1894,JavaScript Design Patterns,Addy Osmani,,,,,
1903,Spring recipes, Gary Mak,,,,,
1900,"Agile Principles, Patterns, and Practices in C# (Robert C. Martin Series)"," Robert C. Martin,  Micah Martin",,,,,
1915,"Agile Principles, Patterns, and Practices in C# (Robert C. Martin Series)"," Robert C. Martin,  Micah Martin",,,,,
1958,Flex 4 Cookbook,"Joshua Noble, Todd Anderson, Garth Braithwaite, Marco Casario, Rich Tretola ",,,,,
1982,Akka Concurrency,Derek Wyatt,,,,,
1398,Self Leadership and the One Minute Manag, Ken Blanchard,,,,,
1504,On the Shortness of Life, Seneca the Younger,,,,,
1503,On Friendship, Michel de Montaigne,,,,,
1509,Why I Am So Wise (Penguin Great Ideas), Friedrich Nietzsche,,,,,
1404,The New Manager's Handbook (The Mcgraw-Hill Professional Education Series), Morey Stettner,,,,,
1653,Microsoft(r) SQL Server(tm) 2005 Developer's Guide," Michael Otey,  Denielle Otey",,,,,
1323,"Core Java(TM), Volume I--Fundamentals (8th Edition)"," Cay S. Horstmann,  Gary Cornell",,,,,
1329,Effective Java(TM) Programming Language Guide (2nd Edition) (The Java Series), Joshua Bloch,,,,,
1904,"Practice of System and Network Administration, The (2nd Edition)"," Thomas A. Limoncelli,  Christina J. Hogan,  Strata R. Chalup",,,,,
1283,Eyetracking Web Usability (Voices That Matter)," Jakob Nielsen,  Kara Pernice",,,,,
1669,Professional ASP.NET 2.0 Special Edition (Wrox Professional Guides)," Bill Evjen,  Scott Hanselman,  Devin Rader,  Farhan Muhammad,  Srinivasa Sivakumar",,,,,
1761,Professional ASP.NET 2.0 Special Edition (Wrox Professional Guides)," Bill Evjen,  Scott Hanselman,  Devin Rader,  Farhan Muhammad,  Srinivasa Sivakumar",,,,,
1671,Professional BizTalk Server 2006," Darren Jefford,  Kevin B. Smith,  Ewan Fairweather",,,,,
1672,Professional BizTalk Server 2006," Darren Jefford,  Kevin B. Smith,  Ewan Fairweather",,,,,
1396,Programming Interviews Exposed," John Mongan,  Noah Suojanen,  Eric Giguère",,,,,
1606,Beginning SharePoint 2007," Amanda Murphy,  Shane Perran",,,,,
1527,Professional XML (Programmer to Programmer)," Bill Evjen,  Kent Sharkey,  Thiru Thangarathinam,  Michael Kay,  Alessandro Vernet,  Sam Ferguson",,,,,
1486,Acol Bridge for Bright Beginners (Master Bridge Series)," Hugh Kelsey,  Andrew Kambites",,,,,
1793,Learning WCF, Michele Bustamante,,,,,
1307,Oracle PL/SQL Best Practices, Steven Feuerstein,,,,,
1543,The Ruby Programming Language," David Flanagan,  Yukihiro Matsumoto",,,,,
1847,Essential ActionScript 3.0 (Essential), Colin Moock,,,,,
1484,The Art of Agile Development," James Shore,  Shane Warden",,,,,
1635,Microsoft ISA Server 2000, Zubair Alexander,,,,,
1646,Microsoft Exchange Server 2003 Unleashed, Rand Morimoto,,,,,
1660,Microsoft Exchange Server 2003 Unleashed, Rand Morimoto,,,,,
1768,Microsoft(R) SharePoint(R) 2007 Development Unleashed," Kevin Hoffman,  Robert Foster",,,,,
1305,Handbook of relational database design, Candace C. Fleming,,,,,
1713,Inside Active Directory," Sakari Kouti,  Mika Seitsonen",,,,,
1576,The Pragmatic Programmer," Andrew Hunt,  David Thomas",,,,,
1876,Meetings That Work, Catherine Widdicombe,,,,,
1446,Programming Pearls (2nd Edition), Jon Bentley,,,,,
1328,Designing Enterprise Applications with the Java(TM) 2 Platform (Enterprise Edition)," Nicholas Kassem,  Nick Kassem,  Enterprise Team",,,,,
1598,Advanced Visual Basic 6, Matthew J. Curland,,,,,
1470,Metrics and Models in Software Quality Engineering (2nd Edition), Stephen H. Kan,,,,,
1716,Microsoft windows security resource kit, Ben Smith,,,,,
1517,Microsoft  Mobile Development Handbook," Andy Wigley,  Daniel Moth,  Peter Foot",,,,,
1934,How to break software, James A. Whittaker,,,,,
1403,The mythical man-month, Frederick P. Brooks,,,,,
1302,A guide to the SQL standard, C. J. Date,,,,,
1389,How to Set Up and Run Your Own Business (Creating Success), Daily Telegraph,,,,,
1875,Sales Meetings That Work, Richard Cavalier,,,,,
1929,Read This, Robert Gentle,,,,,
1361,Struts 2 Design and Programming,Budi. Kurniawan,,,,,
1440,Dreaming in Code, Scott Rosenberg,,,,,
1359,Starting Struts 2, Ian Roughley,,,,,
1445,Patterns of Enterprise Application Architecture, Martin Fowler,,,,,
1862,.NET Patterns, Christian Thilmany,,,,,
1411,Test Driven Development, Kent Beck,,,,,
1809,Lean Software Development," Mary Poppendieck,  Tom Poppendieck",,,,,
1810,The common language infrastructure annotated standard, James S. Miller,,,,,
1828,PHP and MySQL for dynamic Web sites, Larry E. Ullman,,,,,
1928,The non-designers design book,Robin Williams,,,,,
1431,User Stories Applied, Mike Cohn,,,,,
1478,User Stories Applied, Mike Cohn,,,,,
1284,Macromedia Flash MX 2004, Jen deHaan,,,,,
1285,Macromedia Flash MX 2004 ActionScript," Derek Franklin,  Jobe Makar",,,,,
1629,Effective C#, Bill Wagner,,,,,
1385,Extreme Programming Explained," Kent Beck,  Cynthia Andres",,,,,
1280,Adobe Photoshop CS2 Classroom in a Book, Adobe Systems Inc.,,,,,
1301,Don't Make Me Think, Steve Krug,,,,,
1844,How to break Web software, James A. Whittaker,,,,,
1419,Implementing Lean Software Development," Mary Poppendieck,  Tom Poppendieck",,,,,
1704,The Old New Thing, Raymond Chen,,,,,
1834,Beginning Game Development with Python and Pygame, Will McGugan,,,,,
1354,Practical Apache Struts 2 Web 2.0 Projects (Practical Projects), Ian Roughley,,,,,
1364,Practical Apache Struts 2 Web 2.0 Projects (Practical Projects), Ian Roughley,,,,,
1393,Painless Project Management with FogBugz, Mike Gunderloy,,,,,
1717,MCSA/MCSE Exam 70-291 Study Guide and Training System," Dr. Thomas W. Shinder,  Dan Douglas,  Hal Kurz,  Syngress Media,  Thomas W. Shinder,  Debra Littlejohn Shinder",,,,,
1638,LINQ in Action," Fabrice Marguerie,  Steve Eichert,  Jim Wooley",,,,,
1492,Cool Restaurants Istanbul,Cool Restaurants,,,,,
1326,"Core Java, Vol. 2"," Cay S. Horstmann,  Gary Cornell",,,,,
1823,Designing Social Web Applications (Voices That Matter), Joshua Porter,,,,,
1335,Harnessing Hibernate,"James Elliott, Tim O'Brien, Ryan Fowler",,,,,
1392,Online Marketing," Ravi Damani,  Chetan Damani,  Dana Farbo,  Jane Linton",,,,,
1402,The Innovator's Dilemma, Clayton M. Christensen,,,,,
1448,Scientific Computing on Itanium-Based Systems," Marius Cornea,  John Harrison,  Ping Tak Peter Tang",,,,,
1435,Scrum and XP from the Trenches, Henrik Kniberg,,,,,
1935,Lessons Learned in Software Testing," Cem Kaner,  James Bach,  Bret Pettichord",,,,,
1736,COM and the battle for the middle tier, Roger Sessions,,,,,
1641,MDX Solutions, George Spofford,,,,,
1351,Java testing patterns,"Jon Thomas, Matthew Young",,,,,
1363,Struts 2 in Action," Don Brown,  Chad Davis,  Scott Stanlick",,,,,
1728,ASP.NET 2.0 Instant Results (Programmer to Programmer)," Imar Spaanjaars,  Paul Wilton,  Shawn Livermore",,,,,
1444,Pattern-Oriented Software Architecture Volume 1," Frank Buschmann,  Regine Meunier,  Hans Rohnert,  Peter Sommerlad,  Michael Stal",,,,,
1502,Numerical solution of partial differential equations, K. W. Morton,,,,,
1466,Introduction to lattices and order, B. A. Davey,,,,,
1567,Object-oriented programming in Oberon-2, Hanspeter Mössenböck,,,,,
1349,Java servlet programming, Jason Hunter,,,,,
1708,VBScript pocket reference, Matt Childs,,,,,
1531,Ruby in a nutshell, Yukihiro Matsumoto,,,,,
1566,Network Security with OpenSSL," John Viega,  Matt Messier,  Pravir Chandra",,,,,
1536,TCP/IP Network Administration (3rd Edition; O'Reilly Networking), Craig Hunt,,,,,
1811,Shared source CLI essentials, David Stutz,,,,,
1532,sed and awk Pocket Reference, Arnold Robbins,,,,,
1533,sed and awk Pocket Reference, Arnold Robbins,,,,,
1350,"Java Swing, Second Edition"," James Elliott,  Marc Loy,  David Wood,  Brian Cole",,,,,
1338,Enterprise JavaBeans, Richard Monson-Haefel,,,,,
1438,CVS Pocket Reference," Gregor Purdy,  Gregor N. Purdy",,,,,
1848,Essential ActionScript 3.0, Colin Moock,,,,,
1882,Head First design patterns,"Eric Freeman, Elisabeth Robson, Bert Bates, Kathy Sierra",,,,,
1344,Java In A Nutshell, David Flanagan,,,,,
1464,Head First Object-Oriented Analysis and Design," Brett D. McLaughlin,  Gary Pollice,  Dave West",,,,,
1535,Switching to VoIP, Ted Wallingford,,,,,
1367,Enterprise JavaBeans 3.0 (5th Edition)," Bill Burke,  Richard Monson-Haefel",,,,,
1299,Web Design in a Nutshell," Jennifer Niederst Robbins,  Tantek Çelik,  Derek Featherstone,  Aaron Gustafson",,,,,
1544,Unix in a Nutshell, Arnold Robbins,,,,,
1584,PHP in a Nutshell," Paul Hudson,  Paul Hudson",,,,,
1688,SharePoint Office Pocket Guide, Jeff Webb,,,,,
1340,Java Enterprise in a Nutshell," Jim Farley,  William Crawford,  Prakash Malani,  John Norman,  Justin Gehtland",,,,,
1534,SUSE Linux, Chris Brown,,,,,
1637,Learning C# 2005," Jesse Liberty,  Brian MacDonald",,,,,
1530,Ruby Cookbook (Cookbooks (O'Reilly))," Lucas Carlson,  Leonard Richardson",,,,,
1298,HTML & XHTML," Chuck Musciano,  Bill Kennedy",,,,,
1296,CSS, Eric Meyer,,,,,
1942,Ajax on Rails, Scott Raymond,,,,,
1687,Pure Visual Basic, Dan Fox,,,,,
1700,Sams Teach Yourself Active Server Pages 3.0 in 21 Days," Scott Mitchell,  James Atkinson",,,,,
1317,Sams Teach Yourself Transact-SQL in 21 Days (2nd Edition), Lowell Mauer,,,,,
1702,Sams Teach Yourself Transact-SQL in 21 Days (2nd Edition), Lowell Mauer,,,,,
1318,Sams teach yourself SQL in 21 days, Ryan K. Stephens,,,,,
1320,Sams teach yourself Microsoft SQL server 2000 in 21 days, Richard Waymire,,,,,
1644,Microsoft BizTalk server 2004 unleashed,"Scott Woodgate, Stephen Mohr, Brian Loesgen",,,,,
1287,Macromedia Flash MX Professional 2004 Unleashed," David Vogeleer,  Matthew Pizzi",,,,,
1773,Windows Presentation Foundation Unleashed (WPF) (Unleashed), Adam Nathan,,,,,
1792,The 7 Habits of Highly Effective People, Stephen R. Covey,,,,,
1640,MCDBA SQL Server 2000 database design study guide (exam 70-229), Jeffrey Bane,,,,,
1853,Design patterns, Erich Gamma,,,,,
1649,Microsoft Backoffice Small Business Server 4.5 Resource Kit, Microsoft Corporation.,,,,,
1684,Programming Microsoft Office 2000 Web Components (Microsoft Programming Series), Dave Stearns,,,,,
1652,Microsoft(r) SQL Server(tm) 2000 Analysis Services Step by Step," OLAP Train,  Reed Jacobson",,,,,
1634,Introducing Microsoft(r) Exchange 2000 Server, Joanne Woodcock,,,,,
1621,Designing Secure Web-Based Applications for Microsoft(r) Windows(r) 2000, Michael Howard,,,,,
1650,Inside Microsoft SQL Server 2000, Kalen Delaney,,,,,
1611,MCSE Microsoft SQL Server 2000 Database Design and Implementation," Sharon Bjeletich,  Eddy Hahn",,,,,
1685,Programming Windows with C# (Core Reference), Charles Petzold,,,,,
1624,MCAD/MCSD Self-Paced Training Kit," Microsoft Corporation.,  Microsoft Corporation.",,,,,
1595,Microsoft .NET XML Web Services Step by Step," Adam Freeman,  Allen Jones,  Adam Freeman",,,,,
1599,Application Architecture for .NET, Microsoft Corporation.,,,,,
1594,Programming Microsoft  .NET XML Web Services (Pro-Developer)," Damien Foggon,  Daniel Maharry,  Chris Ullman,  Karli Watson",,,,,
1829,Code Complete, Steve McConnell,,,,,
1743,Introducing ASP.NET 2.0, Dino Esposito,,,,,
1311,Inside Microsoft SQL Server 2005, Kalen Delaney,,,,,
1681,Programming INDIGO, David Pallmann,,,,,
1602,Programming Microsoft  ASP.NET 2.0 Applications, Dino Esposito,,,,,
1683,Programming Microsoft  ASP.NET 2.0 Applications, Dino Esposito,,,,,
1654,Inside Microsoft SQL Server 2005," Itzik Ben-gan,  Dejan Sarka,  Roger Wolter",,,,,
1693,Inside Microsoft SQL Server 2005," Itzik Ben-gan,  Dejan Sarka,  Roger Wolter",,,,,
1682,Programming Microsoft  ADO.NET 2.0 Core Reference, David Sceppa,,,,,
1589,MCTS Self-Paced Training Kit (Exam 70-536)," Tony Northrup,  Shawn Wildermuth,  Bill Ryan",,,,,
1720,Microsoft  Windows  Small Business Server 2003 R2 Administrator's Companion (Pro-Administrator's Companion)," Charlie Russel,  Sharon Crawford",,,,,
1753,Microsoft  Office SharePoint  Server 2007 Administrator's Companion," Bill English,  The Microsoft SharePoint Community Experts",,,,,
1657,Inside Microsoft SQL Server 2005," Itzik Ben-Gan,  Lubor Kollar,  Dejan Sarka",,,,,
1590,MCTS Self-Paced Training Kit (Exam 70-526)," Matthew A. Stoecker,  Steven J. Stein,  Tony Northrup",,,,,
1591,MCTS Self-Paced Training Kit (Exam 70-528): Microsoft  .NET Framework 2.0 Web-Based Client Development (Pro Certification)," Glenn Johnson,  Tony Northrup",,,,,
1618,MCPD Self-Paced Training Kit (Exam 70-547)," Mike Snell,  Bruce Johnson,  Brian C. Lanham,  Shawn Wildermuth,  Sara Morgan",,,,,
1286,Macromedia Flash MX 2004 Killer Tips, Shane Elliott,,,,,
1930,Conceptual blockbusting,James L. Adams,,,,,
1401,Successful Presentation Skills, Andrew J. Bradbury,,,,,
1416,Getting Things Done, David Allen,,,,,
1501,Meditations, Marcus Aurelius,,,,,
1663,NT Network Plumbing, Tony Northrup,,,,,
1647,Microsoft Outlook 2000 Programming Bible," Jeffrey A. Kent,  Davaid G. Jung",,,,,
1666,Professional ASP.NET 1.1," Alex Homer,  Dave Sussman,  Rob Howard,  Brian Francis,  Karli Watson,  Richard Anderson",,,,,
1289,Paint Shop Pro 9 for dummies, David C. Kay,,,,,
1603,ASP.NET 2.0 Website Programming, Marco Bellinaso,,,,,
1290,Photoshop CS2 Bible," Laurie Ulrich Fuller,  Deke McClelland",,,,,
1668,"Professional ASP.NET 2.0 security, membership, and role management", Stefan Schackow,,,,,
1639,Mastering Windows 2000 Server," Brian M. Smith,  Doug Toombs,  Mark Minasi",,,,,
1774,Mastering Windows Server 2003,Microsoft,,,,,
1608,C# Complete, Sybex,,,,,
1424,The IT Consultant ," Rick Freedman,  Rick Freeman",,,,,
1457,Clean code,Robert C. Martin,,,,,
1565,JRuby Cookbook,Justin Edelson,,,,,
1450,Domain-Driven Design, Eric Evans,,,,,
1880,Domain-Driven Design, Eric Evans,,,,,
1622,MCAD Developing and Implementing Web Applications with Microsoft Visual C# .NET and Microsoft Visual Studio  .NET Exam Cram 2 (Exam Cram 70-315), Priti Kalani,,,,,
1291,Special Edition Using Macromedia Director MX, Gary Rosenzweig,,,,,
1596,Administering IIS4, Mitch Tulloch,,,,,
1443,Matrix computations, Gene H. Golub,,,,,
1455,Agile testing, Lisa Crispin,,,,,
1306,Oracle Database 10g, Kevin Loney,,,,,
1961,The Hunger Games, Suzanne Collins,,,,,
1421,Succeeding with agile, Mike Cohn,,,,,
1932,The art of game design, Jesse Schell,,,,,
1600,Applied Microsoft .NET Framework Programming, Jeffrey Richter,,,,,
1407,Schaum's Outline of UML (Schaum's Outlines)," Simon Bennett,  John Skelton,  Ken Lunn",,,,,
1874,REST in Practice,"Jim Webber, Savas Parastatidis, Ian Robinson",,,,,
1833,The C Programming Language,"Brian W Kernighan, Dennis M Ritchie",,,,,
1767,Programming WCF Services,Juval Lowy,,,,,
1748,Microsoft Silverlight 4 Data and Services Cookbook,Gill Cleeren,,,,,
1802,Professional Enterprise .NET,Microsoft,,,,,
1758,Pro Silverlight 3 in C#,Matthew MacDonald,,,,,
1801,Never Eat Alone," Keith Ferrazzi,  Tahl Raz",,,,,
1506,Shades of grey,Jasper Fforde,,,,,
1460,Cloud Computing Explained,John Rhoton,,,,,
1763,Professional ASP.NET MVC 1.0,Microsoft,,,,,
1515,New Programmer's Survival Manual,Josh Carter,,,,,
1670,Professional ATL COM programming., Richard Grimes,,,,,
1394,Peopleware, Tom DeMarco,,,,,
1410,Waltzing With Bears," Tom DeMarco,  Timothy Lister",,,,,
1805,Scrumban,Corey Ladas,,,,,
1813,C# in depth, Jon Skeet,,,,,
1288,JavaScript, David Flanagan,,,,,
1865,Javascript Web Applications,Alex MacCaw,,,,,
1473,RESTful Web Services,"Leonard Richardson, Sam Ruby",,,,,
1585,Agile web development with rails, Sam Ruby,,,,,
1542,The PHP Anthology, Harry Fuecks,,,,,
1831,Real-World Functional Programming,"Tomas Petricek, Jon Skeet",,,,,
1919,Spring in action, Craig Walls,,,,,
1499,Life and Fate, Vasiliĭ Semenovich Grossman,,,,,
1648,"Microsoft Outlook Programming, Jumpstart for Administrators, Developers, and Power Users", Sue Mosher,,,,,
1303,Developing Time-Oriented Database Applications in SQL (Morgan Kaufmann Series in Data Management Systems)," Richard T. Snodgrass,  Christian S. Jensen",,,,,
1550,UNIX System Programming  for System VR4, Dave Curry,,,,,
1553,UNIX System Programming  for System VR4, Dave Curry,,,,,
1715,Windows NT TCP/IP network administration, Craig Hunt,,,,,
1343,Java foundation classes in a nutshell, David Flanagan,,,,,
1846,VB Shell Programming (Visual Basic), J.P. Hamilton,,,,,
1574,Programming the Perl DBI, Alligator Descartes,,,,,
1623,Developing ASP components, Shelley Powers,,,,,
1601,ASP in a Nutshell, Keyton Weissinger,,,,,
1827,Conquering carpal tunnel syndrome and other repetitive strain injuries, Sharon J. Butler,,,,,
1633,Inside MAPI, Irving De la Cruz,,,,,
1632,Inside COM, Dale Rogerson,,,,,
1427,The One Minute Manager," Kenneth H. Blanchard,  Spencer Johnson",,,,,
1406,The Referral of a Lifetime," Tim Templeton,  Lynda Rutledge Stephenson",,,,,
1334,"Graphic Java 2, Volume 2",David Geary,,,,,
1703,The definitive guide to Windows Installer, Phil Wilson,,,,,
1465,Holub on Patterns, Allen Holub,,,,,
1453,The Best Software Writing I, Joel Spolsky,,,,,
1333,Foundations of AOP for J2EE Development (Foundation)," Renaud Pawlak,  Jean-Philippe Retaillé,  Lionel Seinturier",,,,,
1304,Expert Oracle Database Architecture, Thomas Kyte,,,,,
1309,"The Definitive Guide to MySQL 5, Third Edition (Definitive Guide)",Michael Kofler,,,,,
1310,Beginning PHP and MySQL 5, W. Jason Gilmore,,,,,
1332,Expert Spring MVC and Web Flow (Expert)," Seth Ladd,  Darren Davison,  Steven Devijver,  Colin Yates",,,,,
1526,Pro PHP XML and Web Services (Pro), Robert Richards,,,,,
1357,Pro EJB 3," Mike Keith,  Merrick Schincariol",,,,,
1414,Blue Ocean Strategy," W. Chan Kim,  Renée Mauborgne",,,,,
1832,Object-Oriented PHP, Peter Lavin,,,,,
1548,"Unix Network Programming, Vol. 1"," W. Richard Stevens,  Bill Fenner,  Andrew M. Rudoff,  Richard W. Stevens",,,,,
1413,Agile estimating and planning, Mike Cohn,,,,,
1925,Crossing the Chasm, Geoffrey A. Moore,,,,,
1384,Dealing with Darwin, Geoffrey A Moore         ,,,,,
1405,The One Minute Manager Meets the Monkey (One Minute Manager), Kenneth H. Blanchard,,,,,
1710,Visual Basic 6 how to program, Harvey M. Deitel,,,,,
1604,Beginning ATL 3 COM programming, Richard Grimes,,,,,
1674,Professional SQL Server 7.0 Programming, Rob Vieira,,,,,
1664,Outlook 2000 VBA Programmers Reference, Dwayne Gifford,,,,,
1597,ADO 2.1 programmer's reference, David Sussman,,,,,
1356,Professional Java Server Programming," Sing Li,  Paul Houle,  Mark Wilcox,  Ron Phillips,  Piroz Mohseni,  Stefan Zeiger,  Hans Bergsten,  Matthew Ferris,  Jason Diamond,  Mike Bogovich,  Marc Fleury,  Krishna Vedati,  Ari Halberstadt,  Andrew Patzer",,,,,
1528,Professional XSL,v,,,,,
1353,Professional JSP 2nd Edition," Simon Brown,  Robert Burdick,  Jayson Falkner,  Ben Galbraith,  Rod Johnson,  Larry Kim,  Casey Kochmer,  Thor Kristmundsson,  Sing Li",,,,,
1423,The Art of Innovation, Thomas Kelley,,,,,
1609,Code Centric, Garth Wells,,,,,
1322,Bitter Java, Bruce Tate,,,,,
1379,Struts in Action," Ted Husted,  Cedric Dumoulin,  George Franciscus,  David Winterfeldt,  Craig R. McClanahan",,,,,
1625,Dr. Tom Shinder's Configuring ISA Server 2004," Thomas W. Shinder,  Martin Grasdal",,,,,
1636,Dr. Tom Shinder's ISA Server and Beyond," Thomas W. Shinder,  Martin Grasdal,  Debra Littlejohn Shinder",,,,,
1931,Theory of Fun for Game Design, Raph Koster,,,,,
1337,Hibernate in action,Christian. Bauer,,,,,
1369,Groovy in Action," Dierk Koenig,  Andrew Glover,  Paul King,  Guillaume Laforge,  Jon Skeet",,,,,
1281,Adobe Photoshop CS4 - Classroom in a book,,,,,,
1295,Classroom in a Book: The official training workbook from Adobe Systems,,,,,,
1312,Inside Microsoft SQL Server 2008: T-SQL Querying,Itzik Ben-Gan,,,,,
1348,Java Server Programming ,David Flanagan,,,,,
1370,Java How to Program,,,,,,
1374,Programming Groovy,Venkat Subramaniam,,,,,
1408,UML for Systems Engineering: watching the wheels,Jon Holt,,,,,
1430,The Truth About Power,,,,,,
1491,Guide - Across Asia on the cheap,,,,,,
1493,Guide - Dublin,,,,,,
1494,Guide - Greek Islands,,,,,,
1495,Guide - Istanbul,,,,,,
1497,Guide - Melbourne,,,,,,
1498,Guide - Provence & the Cote d'Azur - The Rough Guide,Kate Baillie,,,,,
1500,Master atlas of Greater London,,,,,,
1505,Oxford Dictionary,,,,,,
1513,Mini LondonA-Z,,,,,,
1514,No-Limit Texas Hold'Em For Winners,"Andrea Shavik, Dan Shavik",,,,,
1519,Don't Panic - Mobile Developers Guide to the Galaxy,,,,,,
1556,Visual C++6 Programming,Richard Grimes,,,,,
1607,Building Applications with Microsoft Outlook 98,,,,,,
1615,Designing and Developing ASP.NET Applications Using the Microscoft . NET Framework 3.5 Lab Manual,,,,,,
1630,FACSys Fax Messaging Gateway for Microsoft Windows NT,,,,,,
1645,Microsoft Exchange Server 2000,"Andy Koopmans, et.al",,,,,
1656,Microsoft SQL Server 2005: T-SQL Query Tuning and Optimization,Kalen Delaney,,,,,
1691,SQL Server 2000 Database Design,"Richard McMahon, Sean Chase",,,,,
1707,Understanding & Programming COM+,Robert Oberg,,,,,
1714,Windows 7 Professional & Enterprise - Quick Reference Guide,,,,,,
1742,Inside Microsoft SQL Server 2.5 2005 T-SQL Querying,"Itzik Ben-Gan, Lubor Kollar, Dejan Sarka",,,,,
1771,Teach yourself Microsoft Small Business Server 4.5 in 21 days,Harry Brelsford,,,,,
1815,No-Limit Texas Hold'Em,"Andrea Shavick, Dan Shavick",,,,,
1861,SharePoint 2010 as a Development Platform,"Krause, Langhirt, Sterff, Pehile, Doring",,,,,
1867,JavaScript: The Good Parts,Douglas Crockford,,,,,
1883,The Pocket Guide to Good Push,Urban Airship,,,,,
1890,Flourish - A New Understanding of Happines and Well-Being,Martin Seligman,,,,,
1282,DOM scripting, Jeremy Keith,,,,,
1297,HTML5: Up and Running,Mark Pilgrim,,,,,
1300,Web style guide,Patrick J. Lynch,,,,,
1308,Oracle PL/SQL programming, Steven Feuerstein,,,,,
1313,Microsoft SQL server 2008 adminstrator's pocket consultant, William R. Stanek,,,,,
1314,Securing SQL servers, Denny Cherry,,,,,
1315,Spring Persistance with Hibernate,"Paul Tepper Fisher, Brian D. Murphy",,,,,
1319,T-SQL Fundamentals (Microsoft SQL Server 2008),Itzik Ben-Gan,,,,,
1321,Beginning Hibernate, Jeff Linwood,,,,,
1352,JBoss in action, Javid Jamae,,,,,
1355,Pro Spring,"Rob Harrop, Jan Machacek",,,,,
1358,Spring Enterprise Recipes,"Josh Long, Gary Mak",,,,,
1373,Next generation Java testing, Cédric Beust,,,,,
1375,SCJP Sun Certified Programmer for Java 6 Study Guide,"Kathy Sierra, Bert Bates",,,,,
1380,Liferay in action, Rich Sezov,,,,,
1381,Portlets in action, Ashish Sarin,,,,,
1382,JBoss AS 5 Development,Francessco Marchioni,,,,,
1383,Closing techniques (that really work!), Stephan Schiffman,,,,,
1387,Forming a Limited Company,Patricia clayton,,,,,
1388,Good to Great,Jim Collins,,,,,
1390,Managing Transitions,William Bridges ,,,,,
1391,Mindset - The New Psychology Of Success,Carol . Dweck,,,,,
1395,Presentation zen, Garr Reynolds,,,,,
1397,Running a limited company, David Impey,,,,,
1399,Slack, Tom Demarco,,,,,
1409,Version Control with Git,Jon Loeliger,,,,,
1412,50 Management Ideas You Really Need to Know,Edward Russell-Walling,,,,,
1415,Brilliant Project Management,"Stephen Barker, Rob Cole",,,,,
1418,How to lead, Jo Owen,,,,,
1422,The 5 Essential People Skills,Dale Carnegie,,,,,
1429,The project manager,Richard Newton,,,,,
1432,Execution:  The Discipline of Getting Things Done,"Larry Bossidy, Ram Charan",,,,,
1436,Computer Science - An Overview,J. Glenn Brookshear,,,,,
1441,Autotools, John Calcote,,,,,
1442,Languages and Compilers for Parallel Computing,"Utpal Banerjee, et.al",,,,,
1447,Service-Oriented Architechure,Thomas Erl,,,,,
1449,"Software Engineering, A Practitioner's Approach",Roger Pressman,,,,,
1451,"The Art of Computer Programming, volume 1, 2 and 3",Donald Knuth,,,,,
1452,The art of multiprocessor programming, Maurice Herlihy,,,,,
1454,Writing Secure Code,"Michael Howard, David LeBlanc",,,,,
1463,"Growing Object-Orientated Software, Guided by Tests","Steve Freeman, Nat Pryce",,,,,
1467,Introduction to Algorithms,"T Cormen, C Leiserson, R Rivest, C Stein",,,,,
1468,"Making Software, What Really Works and Why We Believe It","Andy Oram, Greg Wilson",,,,,
1469,Mercurial, Bryan O'Sullivan,,,,,
1476,The clean coder,Robert C. Martin,,,,,
1477,The passionate programmer, Chad Fowler,,,,,
1485,A first course in the numerical analysis of differential equations, A. Iserles,,,,,
1487,An Introduction to the Theory of Numbers,"G. Hardy, E. Wright",,,,,
1488,Frank Wood's business accounting 1, Frank Wood,,,,,
1489,Dubrovnik,Bradt,,,,,
1490,English Vocabulary in Use,Stuart Redman,,,,,
1507,Tales of the DeCongested,"Rebekah Lattin-Rawstrone, Paul Blaney",,,,,
1510,Why I Write,George Orwell,,,,,
1512,Software Testing:  An ISEB Intermediate Certificate,"Brian Hambling, Angelina Samaroo",,,,,
1516,Hello Android - Introducing Google's Mobile Development Platform,Ed Burnette,,,,,
1518,Unlocking Android, W. Frank Ableson,,,,,
1523,iPhone SDK development, Bill Dudney,,,,,
1524,Pro Android 2, Sayed Y. Hashimi,,,,,
1537,Sams teach yourself C in 21 days, Bradley L. Jones,,,,,
1538,Sams teach yourself C++ in one hour a day, Siddhartha Rao,,,,,
1539,The C++ Programming Language,Bjarne Stroustrup,,,,,
1549,"UNIX Network Programming, volume 2",W. Richard Stevens,,,,,
1558,Actionscript developer's guide to Robotlegs, Joel Hooks,,,,,
1560,Adobe Flex Training from the Source vol 1.,"Michael Labriola, Jeff Tapper, Matthew Boles",,,,,
1561,Eloquent Ruby,Russ Olsen,,,,,
1563,Grails in action, Glen Smith,,,,,
1569,Professional Xcode 3, James Bucanek,,,,,
1570,Programming in Objective-C 2.0,Stephen G. Kochan,,,,,
1572,Programming Perl, Tom Christiansen,,,,,
1573,Programming Ruby,Dave Thomas,,,,,
1575,Programming Amazon Web Services, James Murty,,,,,
1577,The Rails 3 way, Obie Fernandez,,,,,
1581,Zend Framework 1.8 Web Application Development,Keith Pope,,,,,
1587,Beginning Ruby, Peter Cooper,,,,,
1588,Programming in Scala, Martin Odersky,,,,,
1592,MCTS self-paced training kit (Exam 70-502), Matthew A. Stoecker,,,,,
1593,MCTS self-paced training kit (exam 70-562), Mike Snell,,,,,
1610,MCTS self-paced training kit (exam 70-680),Ian McLean,,,,,
1612,"Designing and developing ASP.NET applications using the Microsoft .NET Framework 3.5, exam 70-564",Microsoft Official Academic Course,,,,,
1626,Effective C♯, Bill Wagner,,,,,
1642,Architecting Microsoft  .NET solutions for the enterprise, Dino Esposito,,,,,
1643,.NET application architecture guide,Microsoft,,,,,
1659,Microsoft SQL Server 2008 step by step, Mike Hotek,,,,,
1661,Microsoft. NET Framework 3.5 - ASP.NET Application Development,"Mike Snell, Glenn Johnson, Tony Northrup, and GrandMasters",,,,,
1662,More effective C♯, Bill Wagner,,,,,
1665,Pro WF,Bruce Bukovics,,,,,
1673,Professional C# 4 and .Net 4, Christian Nagel,,,,,
1675,Microsoft SQL server 2008 reporting services step by step, Stacia Misner,,,,,
1676,Professional WCF 4 Windows Communication Foundation with  .NET 4,"Pablo Cibraro, Kurt Claeys, Fabio Cozzolino, Johann Grabner",,,,,
1677,Programming C#,Jesse Liberty,,,,,
1679,Programming Entity Framework,Julia Lerman,,,,,
1686,Programming Microsoft SQL Server 2008, Leonard Lobel,,,,,
1689,Sharepoint 2007 development recipes, Mark E. Gerow,,,,,
1690,Silverlight 1.0 unleashed, Adam Nathan,,,,,
1692,SQL Server 2005,William R. Stanek,,,,,
1695,Programming Microsoft SQL Server 2008, Leonard Lobel,,,,,
1696,SQL Server 2008 - Implementation and Maintenance - Training Kit,Mike Hotek,,,,,
1697,SQL Server 2008 Internals,Kalen Delaney,,,,,
1698,SQL Server 2008: T-SQL Querying,Itzik Ben-Gan,,,,,
1699,Mastering System center configuration manager 2007, Chris Mosby,,,,,
1701,Sams teach yourself ASP.NET 4 in 24 hours complete starter kit, Scott Mitchell,,,,,
1705,Thinking of - Delivering Solutions on the Windows Azure Platform - Ask the Smart Questions,"Dan Scarfe, Marcus Tillett, Stephen Parker",,,,,
1706,Thinking of - Maximising your Investment as a Microsoft Partner - Ask the Smart Questions,"Julie Simpson, Andy Trish",,,,,
1709,Visual Basic 2008, Rod Stephens,,,,,
1711,MCTS self-paced training kit (exam 70-515), Anthony Northrup,,,,,
1722,C# in Depth,Jon Skeet,,,,,
1724,Accessing Data with Microsoft .NET framework 4,Glenn Johnson,,,,,
1727,Applied WPF 4 in context, Raffaele Garofalo,,,,,
1729,ASP.NET 3.5 Unleashed,Stephen Walther,,,,,
1730,C# 4.0 in a Nutshell,"Joseph Albahari, Ben Albahari",,,,,
1733,C# 4.0 Pocket Reference,"Joseph Albahari, Ben Albahari",,,,,
1735,CLR via C#,Jeffrey Richter,,,,,
1740,Functional programming in C#, Oliver Sturm,,,,,
1741,How we test software at Microsoft, Alan Page,,,,,
1745,Learning C#,Jesse/ MacDonald Liberty,,,,,
1747,Microsoft SharePoint 2010 unleashed, Michael Noel,,,,,
1750,Nhibernate 3 Beginners Guide,"Dr. Gabriel Nicolas Schenker, Aaron Cure",,,,,
1752,NHibernate in action,"Pierre Kuate, Christian Bauer",,,,,
1754,Pro ASP.NET MVC 3 Framework,"Adam Freeman, Steven Sanderson",,,,,
1757,Pro C# 2010 and the .NET 4 platform, Andrew W. Troelsen,,,,,
1759,Pro WF Windows Workflow in .NET 4,Bruce Bukovics,,,,,
1760,Pro WPF in C# 2010,Matthew MacDonald,,,,,
1769,SharePoint Server 2010 Enterprise Content Management,"Todd Kitta, Brett Grego, Chris Caplinger, Russ Houberg",,,,,
1770,Silverlight 3 Programmer's Reference," J. Ambrose Little,  Jason Beres,  Grant Hinkson,  Devin Rader,  Joe Croney",,,,,
1775,WPF4 Unleashed, Adam Nathan,,,,,
1794,Sun Certified Programmer for Java 6 Study Guide,"Kathy Sierra, Bert Bates",,,,,
1795,Scala for the impatient, Cay S. Horstmann,,,,,
1796,The LEGO Mindstorms NXT 2.0 discovery book, Laurens Valk,,,,,
1807,Professional WCF 4 Windows Communication Foundation with .NET 4,"Pablo Cibraro, Kurt Claeys, Fabio Cozzolino, Johann Grabner",,,,,
1808,MCTS self-paced training kit (exam 70-503), Bruce Johnson,,,,,
1816,Coders at work, Peter Seibel,,,,,
1819,Getting to Yes - Negotiating an Agreement Without Giving in,"Roger Fisher, William Ury",,,,,
1821,Programming Entity Framework: Code First,"Julia Lerman, Rowan Miller",,,,,
1822,Programming Entity Framework: DbContext,"Julia Lerman, Rowan Miller",,,,,
1835,The definitive guide to Pylons, James Gardner,,,,,
1838,Test-driven iOS development, Graham Lee,,,,,
1839,Beginning Rails 3,"Cloves Carneiro Jr., Rida Al Barazi",,,,,
1851,Professional Android 4 application development, Reto Meier,,,,,
1860,SharePoint 2010 DEvelopment with Visual Studio 2010,"Carter, Scholl, & Jausovec",,,,,
1863,The Developer's Code - What Real Programmers Do,Ka Wai Cheung,,,,,
1864,Codermetrics,Jonathan Alexander,,,,,
1866,JavaScript Patterns,Stoyan Stefanov,,,,,
1877,Learning ActionScript 3.0,"Rich Shupe, Zevan Rosser",,,,,
1878,The Social Executive,Sharif Khalladi,,,,,
1879,Leading lean software development, Mary Poppendieck,,,,,
1884,Business analysis techniques, James Cadle,,,,,
1886,Professional Sitecore Development,John West,,,,,
1887,Effective C♯, Bill Wagner,,,,,
1906,Designing and Developing Web Applications Using Microsoft .NET Framework 4,Tony Northrup,,,,,
1907,Advanced Google AdWords, Brad Geddes,,,,,
1908,Google AdWords, Anastasia Holdren,,,,,
1909,The Ultimate Small Business Marketing Book,Dee Blick,,,,,
1924,Switch ,Chip and Dan Heath,,,,,
1926,Selling to Win,Richard Denny,,,,,
1927,Brilliant presentation,Richard Hall,,,,,
1933,Bounce ,Matthew Syed,,,,,
1936,Exploratory software testing, James A. Whittaker,,,,,
1967,Refactoring,Martin Fowler,,,,,
1968,Sams Teach Yourself Windows Server 2008,Joe Habraken,,,,,
1969,test,test,,,,,
1970,Service Design Patterns,Robert Daigneau,,,,,
1971,Enterprise SOA,"Dirk Krafzig, Karl Banke, Dirk Slama",,,,,
1972,SOA Patterns,Arnon Rotem-Gal-Oz,,,,,
1973,Perfect Software,Gerald M. Weinberg,,,,,
1974,It's Not Carpal Tunnel Syndrome,"Suparna Damany, MSPT & Jack Bellis",,,,,
1975,Play for Scala,"Peter Hilton, Erik Bakker, Francisco Canedo",,,,,
1976,Making It All Work,David Allen,,,,,
1977,Ready For Anything,David Allen,,,,,
1978,Vagrant: Up and Running,Mitchell Hashimoto,,,,,
1979,"Puppet 3 Cookbook, 2nd Edition",John Arundel,,,,,
1980,Spring Web Services 2 Cookbook,"Hamidreza Sattari, Shameer Kunjumohamed",,,,,
1981,Actors in Scala,"Philipp Haller, Frank Sommers",,,,,
1985,Testing in Scala,O'Reilly,,,,,
1987,Effective JAVA Script ,David Herman ,,,,,
1988,Read This Before Our Next Meeting ,Al Pittampalli,,,,,
1989,Software Estimation ,Steve McConnell ,,,,,
1990,PHP and MySql Everyday Apps for Dummies ,Janet Valade,,,,,
1991,F# for C# Developers ,Tao Liu,,,,,
1992,Facts and Fallacies of Software Engineering,Robert L Glass,,,,,
1994,Db Context,Julia Lerman and Rowan Miller,,,,,
1995,Configuring Advanced Windows Server 2012 R2 Services,J.C Mackin / Orin Thomas,,,,,
1996,The Solutions Focus,Paul Z Jackson / Mark McKergow,,,,,
1997,Being Geek,Michael Lopp,,,,,
1998,Managing Humans,Michael Lopp ,,,,,
1999,Clojure Programming ,"Chas Emerick, Brian Carper, Christophe Grand",,,,,
2000,FISH!,Stephen C Lundin Ph.D,,,,,
2001,Seven Languages in Seven Weeks,Bruce A. Tate,,,,,
2002,Java Concurrency in Practice,Brian Goetz,,,,,
2005,The Magic Book of Thinking,David J. Schwartz,,,,,
2006,To Sell Is Human,Daniel H. Pink,,,,,
2007,Business Model Generation,Alexander Osterwalder & Yves Pigneur,,,,,
2009,Learning Perl,Randal L Schwartz/Tom Phoenix,,,,,
2010,Intermediate Perl,Randal L Schwartz/Tom Phoenix,,,,,
2011,Galvanizing the Geeks,Zoe Cunningham,,,,,
2012,Developing ASP.NET MVC4 Web Applications (Exam Ref 70-486),William Penberthy,,,,,
2013,Programming in HTML5 with JavaScript and CSS3,Rick Delorme,,,,,
2014,Little Miss Geek,Belinda Parmar,,,,,
2015,Java Performance,Charlie Hunt and Binu John,,,,,
2016,Spring in Practice,Willie Wheeler with Joshua White,,,,,
2017,Pro Angular JS,Adam Freeman ,,,,,
2018,The Joy of Clojure ,Michael Fogus/Chris Houser,,,,,
2019,High Performance Websites,Steve Souders,,,,,
2020,The Art of Capacity Planning,John Allspaw,,,,,
2021,Building Scalable Web Sites,Cal Henderson,,,,,
2022,Scalable Internet Architectures,Theo Schlossnagle,,,,,
2023,Becoming a Technical Leader,Gerald M Weinberg,,,,,
2024,Computer Networking,"James F. Kurose, Keith W. Ross",,,,,
2025,xUnit Test Patterns,Gerard Meszaros,,,,,
2026,Apprenticeship Patterns,David H.Hoover & Adeale Oshineye,,,,,
2027,Understanding Crytography,Christof Paar/Jan Pelzl,,,,,
2028,The Signal and the Noise,Nate Silver,,,,,
2029,"Thinking, Fast and Slow",Daniel Kahneman,,,,,
2030,Lean Analytics,Eric Ries,,,,,
2031,SSH Mastery ,Michael W. Lucas,,,,,
2032,Bulletproof SSL and TLS,Ivan Ristic,,,,,
2033,Configuring Windows Server Virtualization,"Nelson Ruest, Danielle Ruest and Grandmasters",,,,,
2034,Networking and Network Access Protection (NAP),Joseph Davies and Tony Northrup with the Microsoft Networking Team,,,,,
2035,Building Microservices,Sam Newman,,,,,
2036,Getting Started with OAuth 2.0,Ryan Boyd,,,,,
2037,"Programming in C#, exam ref 70-483",Wouter de Kort,,,,,
2038,Pro C# 5.0 and the .NET 4.5 Framework,Andrew Troelsen,,,,,
2039,The art of looking sideways.,Alan Fletcher,,,,,
2040,Wireshark 101,Laura Chappell,,,,,
2041,Brilliant Communication Skills,Gill Hasson,,,,,
2042,Business Writing,Ian Atkinson,,,,,
2043,Professional ASP.NET MVC 5,"Jon Galloway, Brad Wilson, K. Scott Allen & David Matson",,,,,
2044,Essentials of Developing Windows Store App Using C#,Indrajit Chakrabarty,,,,,
2045,Programming in C#,Wouter de Kort,,,,,
2046,Debugging,David J. Agans,,,,,
2047,Developing Windows Azure and Web Services (Exam Ref 70-487),"William Ryan, Wouter de Kort & Shane Milton",,,,,
2048,Notes to a Software Team Leader,Roy Osherove,,,,,
2049,Talking with Tech Leads,Patrick Kua,,,,,
2050,Managing Successful Projects with PRINCE2,TSO,,,,,
2051,Smart Investing,Tim Hale,,,,,
2052,Playing Poker to Win,Andrea Shavick & Dan Shavick,,,,,
2053,Somebody Should Have Told Us!,Jack Pransky,,,,,
2054,Practical Vim,Drew Neil,,,,,
